{
    "usuarios": [
        {
            "id": 1,
            "nome": "admin",
            "email": "admin@admin.com",
            "senha": "admin",
            "tipo": "admin",
            "created_at": "2025-06-05 22:26:25",
            "ativo": 1
        },
        {
            "id": 2,
            "nome": "Fabricio",
            "email": "fabricio@mail.com",
            "senha": "fabricio",
            "tipo": "instrutor",
            "created_at": "2025-06-05 22:29:42",
            "ativo": 1
        }
    ],
    "alunos": [
        {
            "id": 1,
            "nome": "Glauber",
            "cpf": "12345678910",
            "email": "glauber@mail.com",
            "telefone": "16987654321",
            "data_nascimento": "1980-01-01",
            "created_at": "2025-06-05 22:27:45"
        }
    ],
    "cursos": [
        {
            "id": 1,
            "nome": "ads",
            "descricao": "ads",
            "carga_horaria": 3000,
            "instrutor_id": 2,
            "created_at": "2025-06-05 22:30:23",
            "instrutor_nome": "Fabricio"
        }
    ],
    "matriculas": [
        {
            "id": 1,
            "aluno_id": 1,
            "curso_id": 1,
            "data_matricula": "2020-01-01",
            "status": "ativo",
            "aluno_nome": "Glauber",
            "curso_nome": "ads"
        }
    ],
    "frequencias": [
        {
            "id": 1,
            "aluno_id": 1,
            "curso_id": 1,
            "data": "2020-01-02",
            "presenca": 1,
            "aluno_nome": "Glauber",
            "curso_nome": "ads"
        },
        {
            "id": 2,
            "aluno_id": 1,
            "curso_id": 1,
            "data": "2020-02-02",
            "presenca": 0,
            "aluno_nome": "Glauber",
            "curso_nome": "ads"
        }
    ],
    "certificados": [
        {
            "id": 1,
            "aluno_id": 1,
            "curso_id": 1,
            "data_emissao": "2025-06-05",
            "codigo_verificacao": "CERT-2025-5CB40EAC",
            "aluno_nome": "Glauber",
            "curso_nome": "ads"
        }
    ]
}