{
    "usuarios": [
        {
            "id": 1,
            "nome": "admin",
            "email": "admin@admin.com",
            "senha": "admin",
            "tipo": "Admin",
            "ativo": 1,
            "created_at": "2025-06-06 23:02:13"
        },
        {
            "id": 2,
            "nome": "Lucas",
            "email": "lucas@mail.com",
            "senha": "lucas",
            "tipo": "Professor",
            "ativo": 1,
            "created_at": "2025-06-06 23:02:28"
        },
        {
            "id": 3,
            "nome": "Fabricio",
            "email": "fabricio@mail.com",
            "senha": "admin",
            "tipo": "Professor",
            "ativo": 1,
            "created_at": "2025-06-06 23:04:49"
        },
        {
            "id": 4,
            "nome": "Secretaria",
            "email": "secretaria@mail.com",
            "senha": "admin",
            "tipo": "Secretaria",
            "ativo": 0,
            "created_at": "2025-06-07 14:38:04"
        }
    ],
    "alunos": [
        {
            "id": 1,
            "nome": "Rachel",
            "cpf": "97643197643",
            "email": "rachel@mail.com",
            "telefone": "16859674850",
            "data_nascimento": "1995-04-01",
            "created_at": "2025-06-06 23:02:52"
        },
        {
            "id": 2,
            "nome": "Juliana",
            "cpf": "97643197642",
            "email": "juliana@mail.com",
            "telefone": "16741852963",
            "data_nascimento": "1995-04-02",
            "created_at": "2025-06-06 23:08:37"
        },
        {
            "id": 3,
            "nome": "Rafaela",
            "cpf": "74185296301",
            "email": "rafaela@mail.com",
            "telefone": "16123456789",
            "data_nascimento": "1995-04-03",
            "created_at": "2025-06-06 23:08:59"
        },
        {
            "id": 4,
            "nome": "Glauber",
            "cpf": "96385274155",
            "email": "glauber@mail.com",
            "telefone": "169988774455",
            "data_nascimento": "1995-04-04",
            "created_at": "2025-06-06 23:09:30"
        }
    ],
    "cursos": [
        {
            "id": 1,
            "nome": "Análise e Desenvolvimento de Sistemas",
            "descricao": "O aluno recebe noções sobre Bancos de Dados, sistemas baseados em web (como serviços bancários pela internet) e programação distribuída, que conecta computadores em rede para que funcionem como se fossem um só computador.",
            "carga_horaria": 3200,
            "professor_id": 3,
            "created_at": "2025-06-06 23:04:34",
            "professor_nome": "Fabricio"
        },
        {
            "id": 2,
            "nome": "Gestão de Negócios e Inovação",
            "descricao": "Desenvolver e habilitar o aluno através do conhecimento específico para atuar no mercado com uma visão empresarial, estratégica e empreendedora; Capacitar e consolidar a formação do aluno para a organização e gestão; Desenvolver habilidades para a concretização de projetos com excelência; Fornecer ferramentas e expertise necessárias para a gestão organizacional",
            "carga_horaria": 3200,
            "professor_id": 2,
            "created_at": "2025-06-06 23:07:40",
            "professor_nome": "Lucas"
        }
    ],
    "matriculas": [
        {
            "id": 1,
            "aluno_id": 1,
            "curso_id": 1,
            "data_matricula": "2022-07-01",
            "status": "concluído",
            "aluno_nome": "Rachel",
            "curso_nome": "Análise e Desenvolvimento de Sistemas"
        },
        {
            "id": 2,
            "aluno_id": 2,
            "curso_id": 1,
            "data_matricula": "2022-07-01",
            "status": "concluído",
            "aluno_nome": "Juliana",
            "curso_nome": "Análise e Desenvolvimento de Sistemas"
        },
        {
            "id": 3,
            "aluno_id": 3,
            "curso_id": 1,
            "data_matricula": "2022-07-01",
            "status": "concluído",
            "aluno_nome": "Rafaela",
            "curso_nome": "Análise e Desenvolvimento de Sistemas"
        },
        {
            "id": 4,
            "aluno_id": 4,
            "curso_id": 1,
            "data_matricula": "2022-07-01",
            "status": "concluído",
            "aluno_nome": "Glauber",
            "curso_nome": "Análise e Desenvolvimento de Sistemas"
        }
    ],
    "frequencias": [
        {
            "id": 1,
            "aluno_id": 1,
            "curso_id": 1,
            "data": "2022-08-01",
            "presenca": 1,
            "aluno_nome": "Rachel",
            "curso_nome": "Análise e Desenvolvimento de Sistemas"
        },
        {
            "id": 2,
            "aluno_id": 2,
            "curso_id": 1,
            "data": "2022-08-01",
            "presenca": 1,
            "aluno_nome": "Juliana",
            "curso_nome": "Análise e Desenvolvimento de Sistemas"
        },
        {
            "id": 3,
            "aluno_id": 3,
            "curso_id": 1,
            "data": "2022-08-01",
            "presenca": 1,
            "aluno_nome": "Rafaela",
            "curso_nome": "Análise e Desenvolvimento de Sistemas"
        },
        {
            "id": 4,
            "aluno_id": 4,
            "curso_id": 1,
            "data": "2022-08-01",
            "presenca": 1,
            "aluno_nome": "Glauber",
            "curso_nome": "Análise e Desenvolvimento de Sistemas"
        },
        {
            "id": 5,
            "aluno_id": 1,
            "curso_id": 1,
            "data": "2022-08-02",
            "presenca": 0,
            "aluno_nome": "Rachel",
            "curso_nome": "Análise e Desenvolvimento de Sistemas"
        },
        {
            "id": 6,
            "aluno_id": 2,
            "curso_id": 1,
            "data": "2022-08-02",
            "presenca": 0,
            "aluno_nome": "Juliana",
            "curso_nome": "Análise e Desenvolvimento de Sistemas"
        },
        {
            "id": 7,
            "aluno_id": 3,
            "curso_id": 1,
            "data": "2022-08-02",
            "presenca": 0,
            "aluno_nome": "Rafaela",
            "curso_nome": "Análise e Desenvolvimento de Sistemas"
        },
        {
            "id": 8,
            "aluno_id": 4,
            "curso_id": 1,
            "data": "2022-08-02",
            "presenca": 0,
            "aluno_nome": "Glauber",
            "curso_nome": "Análise e Desenvolvimento de Sistemas"
        },
        {
            "id": 9,
            "aluno_id": 1,
            "curso_id": 1,
            "data": "2025-06-13",
            "presenca": 1,
            "aluno_nome": "Rachel",
            "curso_nome": "Análise e Desenvolvimento de Sistemas"
        }
    ],
    "certificados": [
        {
            "id": 1,
            "aluno_id": 1,
            "curso_id": 1,
            "data_emissao": "2025-06-06",
            "codigo_verificacao": "CERT-2025-2CD792D4",
            "aluno_nome": "Rachel",
            "curso_nome": "Análise e Desenvolvimento de Sistemas"
        },
        {
            "id": 2,
            "aluno_id": 2,
            "curso_id": 1,
            "data_emissao": "2025-06-06",
            "codigo_verificacao": "CERT-2025-0EB974E5",
            "aluno_nome": "Juliana",
            "curso_nome": "Análise e Desenvolvimento de Sistemas"
        },
        {
            "id": 3,
            "aluno_id": 3,
            "curso_id": 1,
            "data_emissao": "2025-06-06",
            "codigo_verificacao": "CERT-2025-CEE541BE",
            "aluno_nome": "Rafaela",
            "curso_nome": "Análise e Desenvolvimento de Sistemas"
        },
        {
            "id": 4,
            "aluno_id": 4,
            "curso_id": 1,
            "data_emissao": "2025-06-06",
            "codigo_verificacao": "CERT-2025-A454EFF6",
            "aluno_nome": "Glauber",
            "curso_nome": "Análise e Desenvolvimento de Sistemas"
        }
    ]
}